Date,benchmark
2016-06-01,8272.599609375
2016-06-02,8314.400390625
2016-06-03,8316.400390625
2016-06-06,8292.4501953125
2016-06-07,8354.2001953125
2016-06-08,8366.25
2016-06-09,8302.900390625
2016-06-10,8267.4501953125
2016-06-13,8207.4501953125
2016-06-14,8208.7001953125
2016-06-15,8301.4501953125
2016-06-16,8243.650390625
2016-06-17,8268.900390625
2016-06-20,8334.2998046875
2016-06-21,8321.150390625
2016-06-22,8307.4501953125
2016-06-23,8366.349609375
2016-06-24,8192.849609375
2016-06-27,8210.25
2016-06-28,8248.4501953125
2016-06-29,8326.7001953125
2016-06-30,8416.2001953125
2016-07-01,8469.849609375
2016-07-04,8516.599609375
2016-07-05,8485.5
2016-07-07,8485.599609375
2016-07-08,8476.0498046875
2016-07-11,8622.2001953125
2016-07-12,8678.650390625
2016-07-13,8671.7001953125
2016-07-14,8716.7001953125
2016-07-15,8700.099609375
2016-07-18,8662.5498046875
2016-07-19,8684.349609375
2016-07-20,8727.099609375
2016-07-21,8680.849609375
2016-07-22,8725.2998046875
2016-07-25,8821.5498046875
2016-07-26,8781.5
2016-07-27,8811.75
2016-07-28,8860.5
2016-07-29,8839.0
2016-08-01,8841.4501953125
2016-08-02,8819.9501953125
2016-08-03,8727.9501953125
2016-08-04,8741.849609375
2016-08-05,8881.900390625
2016-08-08,8921.0
2016-08-09,8883.650390625
2016-08-10,8771.400390625
2016-08-11,8789.7001953125
2016-08-12,8871.5
2016-08-16,8853.0498046875
2016-08-17,8846.849609375
2016-08-18,8894.849609375
2016-08-19,8893.0
2016-08-22,8851.9501953125
2016-08-23,8846.5498046875
2016-08-24,8874.5498046875
2016-08-25,8816.7001953125
2016-08-26,8803.900390625
2016-08-29,8835.150390625
2016-08-30,8962.5498046875
2016-08-31,9000.5
2016-09-01,8987.7998046875
2016-09-02,9022.25
2016-09-06,9160.4501953125
2016-09-07,9142.5498046875
2016-09-08,9177.900390625
2016-09-09,9090.75
2016-09-12,8918.9501953125
2016-09-14,8943.5498046875
2016-09-15,8950.599609375
2016-09-16,8986.25
2016-09-19,9015.0498046875
2016-09-20,8987.2998046875
2016-09-21,8987.4501953125
2016-09-22,9083.900390625
2016-09-23,9054.75
2016-09-26,8956.400390625
2016-09-27,8940.5
2016-09-28,8983.7998046875
2016-09-29,8799.9501953125
2016-09-30,8844.2001953125
2016-10-03,8992.5498046875
2016-10-04,9029.2001953125
2016-10-05,9010.0
2016-10-06,8979.25
2016-10-07,8965.2998046875
2016-10-10,8971.9501953125
2016-10-13,8832.2998046875
2016-10-14,8847.2998046875
2016-10-17,8784.4501953125
2016-10-18,8945.599609375
2016-10-19,8933.900390625
2016-10-20,8970.2998046875
2016-10-21,8967.5498046875
2016-10-24,8977.099609375
2016-10-25,8963.4501953125
2016-10-26,8883.150390625
2016-10-27,8866.150390625
2016-10-28,8906.0498046875
2016-11-01,8904.400390625
2016-11-02,8781.099609375
2016-11-03,8736.150390625
2016-11-04,8673.849609375
2016-11-07,8738.0
2016-11-08,8782.900390625
2016-11-09,8660.150390625
2016-11-10,8763.5498046875
2016-11-11,8518.4501953125
2016-11-15,8296.0498046875
2016-11-16,8309.0
2016-11-17,8281.9501953125
2016-11-18,8283.2998046875
2016-11-21,8124.60009765625
2016-11-22,8208.349609375
2016-11-23,8253.650390625
2016-11-24,8194.599609375
2016-11-25,8344.0498046875
2016-11-28,8365.099609375
2016-11-29,8379.5498046875
2016-11-30,8466.400390625
2016-12-01,8425.900390625
2016-12-02,8316.349609375
2016-12-05,8365.0
2016-12-06,8380.900390625
2016-12-07,8344.2998046875
2016-12-08,8493.400390625
2016-12-09,8501.7001953125
2016-12-12,8406.349609375
2016-12-13,8443.7001953125
2016-12-14,8397.2998046875
2016-12-15,8370.25
2016-12-16,8355.75
2016-12-19,8316.5498046875
2016-12-20,8286.400390625
2016-12-21,8267.5498046875
2016-12-22,8173.5498046875
2016-12-23,8173.25
2016-12-26,8083.0498046875
2016-12-27,8214.4501953125
2016-12-28,8222.0
2016-12-29,8296.7998046875
2016-12-30,8382.5
2017-01-02,8389.25
2017-01-03,8411.2001953125
2017-01-04,8407.900390625
2017-01-05,8501.650390625
2017-01-06,8472.7001953125
2017-01-09,8466.7998046875
2017-01-10,8526.2001953125
2017-01-11,8623.150390625
2017-01-12,8651.0
2017-01-13,8646.7001953125
2017-01-16,8666.4501953125
2017-01-17,8653.099609375
2017-01-18,8678.2998046875
2017-01-19,8697.9501953125
2017-01-20,8602.900390625
2017-01-23,8651.599609375
2017-01-24,8739.4501953125
2017-01-25,8867.9501953125
2017-01-27,8908.900390625
2017-01-30,8910.0
2017-01-31,8825.0
2017-02-01,8988.4501953125
2017-02-02,9013.900390625
2017-02-03,9021.349609375
2017-02-06,9089.650390625
2017-02-07,9056.75
2017-02-08,9065.0
2017-02-09,9073.5498046875
2017-02-10,9082.9501953125
2017-02-13,9093.0
2017-02-14,9067.400390625
2017-02-15,8990.2001953125
2017-02-16,9062.099609375
2017-02-17,9110.2001953125
2017-02-20,9169.400390625
2017-02-21,9207.25
2017-02-22,9213.900390625
2017-02-23,9219.25
2017-02-27,9180.849609375
2017-02-28,9170.9501953125
2017-03-01,9229.75
2017-03-02,9167.650390625
2017-03-03,9165.0498046875
2017-03-06,9230.25
2017-03-07,9214.5498046875
2017-03-08,9190.0498046875
2017-03-09,9190.150390625
2017-03-10,9193.599609375
2017-03-14,9348.75
2017-03-15,9356.849609375
2017-03-16,9437.900390625
2017-03-17,9442.650390625
2017-03-20,9414.4501953125
2017-03-21,9401.099609375
2017-03-22,9308.2998046875
2017-03-23,9371.900390625
2017-03-24,9391.099609375
2017-03-27,9330.650390625
2017-03-28,9390.4501953125
2017-03-29,9428.5498046875
2017-03-30,9460.7001953125
2017-03-31,9467.099609375
2017-04-03,9528.599609375
2017-04-05,9567.9501953125
2017-04-06,9570.150390625
2017-04-07,9514.4501953125
2017-04-10,9510.599609375
2017-04-11,9567.25
2017-04-12,9540.7001953125
2017-04-13,9492.4501953125
2017-04-17,9478.900390625
2017-04-18,9432.7998046875
2017-04-19,9440.7001953125
2017-04-20,9474.7998046875
2017-04-21,9463.599609375
2017-04-24,9562.099609375
2017-04-25,9662.9501953125
2017-04-26,9699.0
2017-04-27,9683.0
2017-04-28,9652.4501953125
2017-05-02,9668.9501953125
2017-05-03,9666.400390625
2017-05-04,9712.400390625
2017-05-05,9625.349609375
2017-05-08,9657.099609375
2017-05-09,9672.0498046875
2017-05-10,9771.0498046875
2017-05-11,9786.7001953125
2017-05-12,9760.650390625
2017-05-15,9812.650390625
2017-05-16,9870.2001953125
2017-05-17,9873.4501953125
2017-05-18,9757.0
2017-05-19,9746.5498046875
2017-05-22,9742.4501953125
2017-05-23,9676.5
2017-05-24,9631.2001953125
2017-05-25,9776.150390625
2017-05-26,9884.25
2017-05-29,9877.7998046875
2017-05-30,9906.099609375
2017-05-31,9909.599609375
2017-06-01,9909.099609375
2017-06-02,9951.0
2017-06-05,9981.7001953125
2017-06-06,9937.2998046875
2017-06-07,9969.900390625
2017-06-08,9960.2998046875
2017-06-09,9984.4501953125
2017-06-12,9936.400390625
2017-06-13,9929.7001953125
2017-06-14,9934.9501953125
2017-06-15,9898.150390625
2017-06-16,9911.2001953125
2017-06-19,9977.5498046875
2017-06-20,9976.099609375
2017-06-21,9958.9501953125
2017-06-22,9944.7001953125
2017-06-23,9876.900390625
2017-06-27,9810.400390625
2017-06-28,9797.0498046875
2017-06-29,9809.0498046875
2017-06-30,9835.400390625
2017-07-03,9936.900390625
2017-07-04,9933.099609375
2017-07-05,9966.4501953125
2017-07-06,10005.25
2017-07-07,9997.75
2017-07-10,10103.349609375
2017-07-11,10106.0
2017-07-12,10146.599609375
2017-07-13,10225.900390625
2017-07-14,10221.7001953125
2017-07-17,10249.7998046875
2017-07-18,10162.150390625
2017-07-19,10246.7001953125
2017-07-20,10217.400390625
2017-07-21,10258.099609375
2017-07-24,10304.4501953125
2017-07-25,10307.2998046875
2017-07-26,10357.650390625
2017-07-27,10348.7001953125
2017-07-28,10353.7001953125
2017-07-31,10417.7998046875
2017-08-01,10447.650390625
2017-08-02,10410.2998046875
2017-08-03,10354.4501953125
2017-08-04,10419.849609375
2017-08-07,10434.150390625
2017-08-08,10344.7001953125
2017-08-09,10254.5498046875
2017-08-10,10133.849609375
2017-08-11,10037.150390625
2017-08-14,10144.2001953125
2017-08-16,10249.9501953125
2017-08-17,10255.0
2017-08-18,10193.2001953125
2017-08-21,10095.150390625
2017-08-22,10096.5498046875
2017-08-23,10193.7998046875
2017-08-24,10211.599609375
2017-08-28,10275.9501953125
2017-08-29,10156.5
2017-08-30,10258.0498046875
2017-08-31,10286.5498046875
2017-09-01,10352.400390625
2017-09-04,10289.650390625
2017-09-05,10333.0498046875
2017-09-06,10303.849609375
2017-09-07,10327.849609375
2017-09-08,10320.099609375
2017-09-11,10394.7998046875
2017-09-12,10485.849609375
2017-09-13,10468.099609375
2017-09-14,10480.2001953125
2017-09-15,10475.0498046875
2017-09-18,10540.5
2017-09-19,10540.099609375
2017-09-20,10529.849609375
2017-09-21,10501.900390625
2017-09-22,10320.9501953125
2017-09-25,10219.7001953125
2017-09-26,10222.5
2017-09-27,10074.0498046875
2017-09-28,10107.900390625
2017-09-29,10143.900390625
2017-10-03,10221.75
2017-10-04,10274.0498046875
2017-10-05,10255.5498046875
2017-10-06,10347.650390625
2017-10-09,10357.9501953125
2017-10-10,10392.0
2017-10-11,10353.900390625
2017-10-12,10469.2998046875
2017-10-13,10534.599609375
2017-10-16,10595.150390625
2017-10-17,10605.7998046875
2017-10-18,10582.349609375
2017-10-19,10517.2998046875
2017-10-23,10557.9501953125
2017-10-24,10574.75
2017-10-25,10672.0
2017-10-26,10720.4501953125
2017-10-27,10714.0
2017-10-30,10767.849609375
2017-10-31,10740.849609375
2017-11-01,10847.900390625
2017-11-02,10839.400390625
2017-11-03,10866.4501953125
2017-11-06,10878.150390625
2017-11-07,10762.400390625
2017-11-08,10707.5498046875
2017-11-09,10723.650390625
2017-11-10,10729.5498046875
2017-11-13,10632.650390625
2017-11-14,10593.7998046875
2017-11-15,10514.900390625
2017-11-16,10618.4501953125
2017-11-17,10701.2998046875
2017-11-20,10716.400390625
2017-11-21,10744.0
2017-11-22,10755.400390625
2017-11-23,10760.349609375
2017-11-24,10803.150390625
2017-11-27,10816.2001953125
2017-11-28,10792.599609375
2017-11-29,10784.400390625
2017-11-30,10650.75
2017-12-01,10542.0498046875
2017-12-04,10548.5498046875
2017-12-05,10541.2998046875
2017-12-06,10459.7001953125
2017-12-07,10594.599609375
2017-12-08,10698.099609375
2017-12-11,10752.599609375
2017-12-12,10663.5498046875
2017-12-13,10605.650390625
2017-12-14,10658.400390625
2017-12-15,10743.650390625
2017-12-18,10807.849609375
2017-12-19,10897.5498046875
2017-12-20,10881.900390625
2017-12-21,10886.349609375
2017-12-22,10940.650390625
2017-12-26,10982.0498046875
2017-12-27,10937.849609375
2017-12-28,10927.0498046875
2017-12-29,10985.150390625
2018-01-01,10897.75
2018-01-02,10899.2998046875
2018-01-03,10910.0498046875
2018-01-04,10982.150390625
2018-01-05,11051.25
2018-01-08,11120.5498046875
2018-01-09,11125.0
2018-01-10,11117.4501953125
2018-01-11,11132.400390625
2018-01-12,11159.099609375
2018-01-15,11207.75
2018-01-16,11142.7998046875
2018-01-17,11232.75
2018-01-18,11234.5
2018-01-19,11315.75
2018-01-22,11391.2001953125
2018-01-23,11506.650390625
2018-01-24,11497.4501953125
2018-01-25,11459.0498046875
2018-01-29,11505.4501953125
2018-01-30,11424.599609375
2018-01-31,11393.5498046875
2018-02-01,11385.150390625
2018-02-02,11111.2001953125
2018-02-05,11023.849609375
2018-02-06,10851.650390625
2018-02-07,10844.7001953125
2018-02-08,10958.9501953125
2018-02-09,10846.099609375
2018-02-12,10945.150390625
2018-02-14,10908.150390625
2018-02-15,10932.0498046875
2018-02-16,10831.349609375
2018-02-19,10748.349609375
2018-02-20,10740.0
2018-02-21,10765.5
2018-02-22,10737.349609375
2018-02-23,10857.849609375
2018-02-26,10953.7998046875
2018-02-27,10922.75
2018-02-28,10861.400390625
2018-03-01,10820.0
2018-03-05,10714.599609375
2018-03-06,10603.099609375
2018-03-07,10501.400390625
2018-03-08,10578.0
2018-03-09,10564.5498046875
2018-03-12,10747.650390625
2018-03-13,10772.0498046875
2018-03-14,10760.0
2018-03-15,10716.0498046875
2018-03-16,10556.2001953125
2018-03-19,10444.0498046875
2018-03-20,10478.150390625
2018-03-21,10511.75
2018-03-22,10470.400390625
2018-03-23,10357.599609375
2018-03-26,10497.5498046875
2018-03-27,10556.599609375
2018-03-28,10478.400390625
2018-04-02,10596.0
2018-04-03,10643.900390625
2018-04-04,10523.599609375
2018-04-05,10726.25
2018-04-06,10750.349609375
2018-04-09,10792.599609375
2018-04-10,10810.4501953125
2018-04-11,10826.150390625
2018-04-12,10860.349609375
2018-04-13,10879.349609375
2018-04-16,10928.9501953125
2018-04-17,10950.0498046875
2018-04-18,10928.4501953125
2018-04-19,10974.75
2018-04-20,10966.849609375
2018-04-23,10993.2998046875
2018-04-24,11022.349609375
2018-04-25,10980.5498046875
2018-04-26,11018.75
2018-04-27,11095.0
2018-04-30,11145.900390625
2018-05-02,11105.900390625
2018-05-03,11051.099609375
2018-05-04,10986.5
2018-05-07,11085.0498046875
2018-05-08,11082.2001953125
2018-05-09,11095.0
2018-05-10,11052.5
2018-05-11,11131.9501953125
2018-05-14,11124.099609375
2018-05-15,11113.7001953125
2018-05-16,11058.7001953125
2018-05-17,11006.900390625
2018-05-18,10908.0498046875
2018-05-21,10814.599609375
2018-05-22,10852.7998046875
2018-05-23,10750.5498046875
2018-05-24,10827.25
2018-05-25,10934.0
2018-05-28,11033.5498046875
2018-05-29,10983.2998046875
2018-05-30,10961.599609375
2018-05-31,11064.150390625
2018-06-01,11013.849609375
2018-06-04,10940.0498046875
2018-06-05,10892.849609375
2018-06-06,10997.2001953125
2018-06-07,11091.9501953125
2018-06-08,11098.25
2018-06-11,11116.2001953125
2018-06-12,11176.7001953125
2018-06-13,11185.900390625
2018-06-14,11139.9501953125
2018-06-15,11136.2998046875
2018-06-18,11112.900390625
2018-06-19,11021.9501953125
2018-06-20,11076.0498046875
2018-06-21,11039.9501953125
2018-06-22,11119.650390625
2018-06-25,11045.4501953125
2018-06-26,11054.099609375
2018-06-27,10946.7001953125
2018-06-28,10855.0
2018-06-29,10993.4501953125
2018-07-02,10929.849609375
2018-07-03,10974.2001953125
2018-07-04,11033.0
2018-07-05,11008.599609375
2018-07-06,11037.2001953125
2018-07-09,11119.5498046875
2018-07-10,11218.650390625
2018-07-11,11206.849609375
2018-07-12,11269.7001953125
2018-07-13,11258.7001953125
2018-07-16,11151.099609375
2018-07-17,11230.7001953125
2018-07-18,11189.099609375
2018-07-19,11160.5
2018-07-20,11215.7998046875
2018-07-23,11306.9501953125
2018-07-24,11389.2001953125
2018-07-25,11385.5
2018-07-26,11431.150390625
2018-07-27,11542.349609375
2018-07-30,11594.75
2018-07-31,11633.849609375
2018-08-01,11629.650390625
2018-08-02,11535.599609375
2018-08-03,11648.849609375
2018-08-06,11674.25
2018-08-07,11675.5
2018-08-08,11731.75
2018-08-09,11756.150390625
2018-08-10,11707.349609375
2018-08-13,11624.650390625
2018-08-14,11703.400390625
2018-08-16,11647.75
2018-08-17,11747.2001953125
2018-08-20,11838.150390625
2018-08-21,11862.099609375
2018-08-23,11881.400390625
2018-08-24,11856.2001953125
2018-08-27,11989.349609375
2018-08-28,12028.2998046875
2018-08-29,11998.599609375
2018-08-30,11991.150390625
2018-08-31,12003.099609375
2018-09-03,11904.349609375
2018-09-04,11798.9501953125
2018-09-05,11751.0498046875
2018-09-06,11815.400390625
2018-09-07,11879.900390625
2018-09-10,11717.9501953125
2018-09-11,11555.2001953125
2018-09-12,11635.2001953125
2018-09-14,11791.7001953125
2018-09-17,11656.5
2018-09-18,11546.150390625
2018-09-19,11499.849609375
2018-09-21,11387.5498046875
2018-09-24,11185.5498046875
2018-09-25,11287.599609375
2018-09-26,11279.5
2018-09-27,11186.7001953125
2018-09-28,11126.400390625
2018-10-01,11197.0498046875
2018-10-03,11045.7998046875
2018-10-04,10794.2998046875
2018-10-05,10510.0498046875
2018-10-08,10523.7998046875
2018-10-09,10473.5498046875
2018-10-10,10657.7998046875
2018-10-11,10432.0498046875
2018-10-12,10671.2998046875
2018-10-15,10712.599609375
2018-10-16,10796.099609375
2018-10-17,10648.7001953125
2018-10-19,10504.0498046875
2018-10-22,10445.849609375
2018-10-23,10341.5498046875
2018-10-24,10415.400390625
2018-10-25,10307.7001953125
2018-10-26,10225.2998046875
2018-10-29,10452.7998046875
2018-10-30,10413.599609375
2018-10-31,10604.599609375
2018-11-01,10607.599609375
2018-11-02,10782.2998046875
2018-11-05,10761.0
2018-11-06,10758.4501953125
2018-11-07,10827.650390625
2018-11-09,10823.2998046875
2018-11-12,10715.0498046875
2018-11-13,10807.2998046875
2018-11-14,10803.150390625
2018-11-15,10844.599609375
2018-11-16,10908.2001953125
2018-11-19,10988.150390625
2018-11-20,10875.0
2018-11-21,10836.2998046875
2018-11-22,10761.400390625
2018-11-26,10856.849609375
2018-11-27,10905.849609375
2018-11-28,10940.25
2018-11-29,11065.900390625
2018-11-30,11092.25
2018-12-03,11103.2001953125
2018-12-04,11086.400390625
2018-12-05,10989.150390625
2018-12-06,10805.849609375
2018-12-07,10894.099609375
2018-12-10,10686.25
2018-12-11,10761.75
2018-12-12,10960.4501953125
2018-12-13,11023.0498046875
2018-12-14,11040.2998046875
2018-12-17,11125.75
2018-12-18,11150.900390625
2018-12-19,11223.400390625
2018-12-20,11201.349609375
2018-12-21,11005.849609375
2018-12-24,10904.7001953125
2018-12-26,10968.849609375
2018-12-27,11015.7998046875
2018-12-28,11101.650390625
2018-12-31,11110.150390625
2019-01-01,11148.7998046875
2019-01-02,11032.0
2019-01-03,10914.7998046875
2019-01-04,10966.150390625
2019-01-07,11005.099609375
2019-01-08,11031.2998046875
2019-01-09,11078.0
2019-01-10,11054.4501953125
2019-01-11,11025.849609375
2019-01-14,10965.0498046875
2019-01-15,11107.75
2019-01-16,11111.650390625
2019-01-17,11123.900390625
2019-01-18,11109.5
2019-01-21,11153.349609375
2019-01-22,11124.349609375
2019-01-23,11034.7998046875
2019-01-24,11049.0498046875
2019-01-25,10968.2998046875
2019-01-28,10836.650390625
2019-01-29,10829.9501953125
2019-01-30,10829.5
2019-01-31,10996.7998046875
2019-02-01,11066.7001953125
2019-02-04,11070.4501953125
2019-02-05,11079.650390625
2019-02-06,11206.0
2019-02-07,11229.0498046875
2019-02-08,11094.099609375
2019-02-11,11030.0
2019-02-12,10971.400390625
2019-02-14,10888.400390625
2019-02-15,10845.849609375
2019-02-18,10761.2001953125
2019-02-19,10731.099609375
2019-02-20,10865.099609375
2019-02-21,10925.0498046875
2019-02-22,10937.349609375
2019-02-25,11021.75
2019-02-26,10981.5498046875
2019-02-27,10961.7998046875
2019-02-28,10959.900390625
2019-03-01,11040.5498046875
2019-03-05,11177.2001953125
2019-03-06,11246.2001953125
2019-03-07,11244.0498046875
2019-03-08,11225.0
2019-03-11,11375.7001953125
2019-03-12,11499.9501953125
2019-03-13,11527.2001953125
2019-03-14,11522.900390625
2019-03-15,11595.0498046875
2019-03-18,11629.75
2019-03-19,11696.5
2019-03-20,11681.2998046875
2019-03-22,11613.5498046875
2019-03-25,11504.75
2019-03-26,11632.650390625
2019-03-27,11595.650390625
2019-03-28,11719.349609375
2019-04-01,11832.650390625
2019-04-02,11861.400390625
2019-04-03,11794.599609375
2019-04-04,11753.5
2019-04-05,11820.099609375
2019-04-08,11760.099609375
2019-04-09,11825.650390625
2019-04-10,11743.900390625
2019-04-11,11760.0
2019-04-12,11807.849609375
2019-04-15,11856.4501953125
2019-04-16,11950.0498046875
2019-04-18,11913.349609375
2019-04-22,11745.900390625
2019-04-23,11727.650390625
2019-04-24,11869.5498046875
2019-04-25,11787.400390625
2019-04-26,11886.7001953125
2019-04-30,11874.25
2019-05-02,11845.599609375
2019-05-03,11828.0498046875
2019-05-06,11708.849609375
2019-05-07,11610.099609375
2019-05-08,11470.7998046875
2019-05-09,11415.900390625
2019-05-10,11391.849609375
2019-05-13,11249.849609375
2019-05-14,11318.0
2019-05-15,11253.849609375
2019-05-16,11341.599609375
2019-05-17,11485.849609375
2019-05-20,11903.9501953125
2019-05-21,11786.2998046875
2019-05-22,11811.2998046875
2019-05-23,11745.5
2019-05-24,11944.650390625
2019-05-27,12023.75
2019-05-28,12033.099609375
2019-05-29,11962.349609375
2019-05-30,12038.2001953125
2019-05-31,12028.25
2019-06-03,12190.849609375
2019-06-04,12122.599609375
2019-06-06,11932.9501953125
2019-06-07,11957.0498046875
2019-06-10,12006.849609375
2019-06-11,12053.599609375
2019-06-12,11989.2001953125
2019-06-13,11995.2001953125
2019-06-14,11899.349609375
2019-06-17,11743.0
2019-06-18,11761.650390625
2019-06-19,11753.0498046875
2019-06-20,11901.150390625
2019-06-21,11802.4501953125
2019-06-24,11782.9501953125
2019-06-25,11871.900390625
2019-06-26,11928.849609375
2019-06-27,11931.349609375
2019-06-28,11882.099609375
2019-07-01,11957.5
2019-07-02,12001.599609375
2019-07-03,12015.2001953125
2019-07-04,12044.7998046875
2019-07-05,11904.0498046875
2019-07-08,11650.349609375
2019-07-09,11655.849609375
2019-07-10,11593.7998046875
2019-07-11,11678.599609375
2019-07-12,11654.849609375
2019-07-15,11692.650390625
2019-07-16,11773.150390625
2019-07-17,11798.4501953125
2019-07-18,11701.400390625
2019-07-19,11519.25
2019-07-22,11456.25
2019-07-23,11436.5498046875
2019-07-24,11360.150390625
2019-07-25,11352.349609375
2019-07-26,11394.7001953125
2019-07-29,11290.900390625
2019-07-30,11179.5498046875
2019-07-31,11221.2001953125
2019-08-01,11080.900390625
2019-08-02,11100.4501953125
2019-08-05,10970.0498046875
2019-08-06,11058.900390625
2019-08-07,10970.5498046875
2019-08-08,11144.150390625
2019-08-09,11222.2001953125
2019-08-13,11027.400390625
2019-08-14,11133.75
2019-08-16,11154.5498046875
2019-08-19,11158.9501953125
2019-08-20,11115.599609375
2019-08-21,11012.0
2019-08-22,10836.849609375
2019-08-23,10925.900390625
2019-08-26,11152.650390625
2019-08-27,11213.7001953125
2019-08-28,11154.5498046875
2019-08-29,11069.2998046875
2019-08-30,11155.099609375
2019-09-03,10925.2001953125
2019-09-04,10964.2998046875
2019-09-05,10975.0
2019-09-06,11068.150390625
2019-09-09,11122.9501953125
2019-09-11,11161.650390625
2019-09-12,11113.5
2019-09-13,11205.099609375
2019-09-16,11139.849609375
2019-09-17,10951.5498046875
2019-09-18,10980.7998046875
2019-09-19,10848.849609375
2019-09-20,11432.0
2019-09-23,11746.25
2019-09-24,11737.4501953125
2019-09-25,11581.599609375
2019-09-26,11714.849609375
2019-09-27,11663.5
2019-09-30,11613.2998046875
2019-10-01,11497.5
2019-10-03,11444.7998046875
2019-10-04,11303.400390625
2019-10-07,11239.0498046875
2019-10-09,11423.650390625
2019-10-10,11345.0
2019-10-11,11412.9501953125
2019-10-14,11455.7001953125
2019-10-15,11544.4501953125
2019-10-16,11588.650390625
2019-10-17,11718.349609375
2019-10-18,11806.2001953125
2019-10-22,11749.900390625
2019-10-23,11762.4501953125
2019-10-24,11738.25
2019-10-25,11734.349609375
2019-10-29,11942.0498046875
2019-10-30,12002.9501953125
2019-10-31,12037.25
2019-11-01,12047.7998046875
2019-11-04,12089.150390625
2019-11-05,12056.150390625
2019-11-06,12104.2001953125
2019-11-07,12152.9501953125
2019-11-08,12044.849609375
2019-11-11,12053.2998046875
2019-11-13,11980.650390625
2019-11-14,12001.099609375
2019-11-15,12022.7998046875
2019-11-18,12010.900390625
2019-11-19,12054.7001953125
2019-11-20,12116.2001953125
2019-11-21,12082.7001953125
2019-11-22,12031.2001953125
2019-11-25,12192.650390625
2019-11-26,12150.7001953125
2019-11-27,12217.5
2019-11-28,12278.4501953125
2019-11-29,12182.599609375
2019-12-02,12175.150390625
2019-12-03,12115.7998046875
2019-12-04,12160.849609375
2019-12-05,12126.5
2019-12-06,12024.9501953125
2019-12-09,12033.2998046875
2019-12-10,11945.7998046875
2019-12-11,11999.9501953125
2019-12-12,12065.849609375
2019-12-13,12182.7001953125
2019-12-16,12144.849609375
2019-12-17,12248.9501953125
2019-12-18,12304.25
2019-12-19,12343.849609375
2019-12-20,12363.400390625
2019-12-23,12354.9501953125
2019-12-24,12312.099609375
2019-12-26,12229.150390625
2019-12-27,12344.599609375
2019-12-30,12354.25
2019-12-31,12267.75
2020-01-01,12279.0498046875
2020-01-02,12380.5
2020-01-03,12328.599609375
2020-01-06,12090.599609375
2020-01-07,12154.9501953125
2020-01-08,12131.4501953125
2020-01-09,12319.7001953125
2020-01-10,12359.7001953125
2020-01-13,12436.4501953125
2020-01-14,12468.5498046875
2020-01-15,12458.849609375
2020-01-16,12470.599609375
2020-01-17,12471.150390625
2020-01-20,12343.2001953125
2020-01-21,12287.25
2020-01-22,12230.849609375
2020-01-23,12312.900390625
2020-01-24,12386.9501953125
2020-01-27,12262.650390625
2020-01-28,12203.2001953125
2020-01-29,12276.9501953125
2020-01-30,12165.400390625
2020-01-31,12086.900390625
2020-02-03,11820.2998046875
2020-02-04,12091.0
2020-02-05,12212.0
2020-02-06,12273.7001953125
2020-02-07,12249.25
2020-02-10,12185.349609375
2020-02-11,12246.2001953125
2020-02-12,12327.7001953125
2020-02-13,12301.75
2020-02-14,12230.4501953125
2020-02-17,12152.0
2020-02-18,12098.900390625
2020-02-19,12248.2001953125
2020-02-20,12211.2998046875
2020-02-24,11957.0
2020-02-25,11917.2998046875
2020-02-26,11790.099609375
2020-02-27,11746.849609375
2020-02-28,11316.2998046875
2020-03-02,11251.5498046875
2020-03-03,11430.849609375
2020-03-04,11372.849609375
2020-03-05,11397.900390625
2020-03-06,11119.650390625
2020-03-09,10583.0498046875
2020-03-11,10578.0
2020-03-12,9693.9501953125
2020-03-13,10050.25
2020-03-16,9316.9501953125
2020-03-17,9105.400390625
2020-03-18,8607.9501953125
2020-03-19,8388.7001953125
2020-03-20,8852.0498046875
2020-03-23,7719.10009765625
2020-03-24,7897.39990234375
2020-03-25,8388.2001953125
2020-03-26,8732.099609375
2020-03-27,8747.0498046875
2020-03-30,8405.2998046875
2020-03-31,8731.150390625
2020-04-01,8404.150390625
2020-04-03,8240.2001953125
2020-04-07,8934.599609375
2020-04-08,8921.2998046875
2020-04-09,9282.849609375
2020-04-13,9177.7001953125
2020-04-15,9128.25
2020-04-16,9197.099609375
2020-04-17,9453.5
2020-04-20,9442.599609375
2020-04-21,9175.650390625
2020-04-22,9372.2998046875
2020-04-23,9486.7001953125
2020-04-24,9323.7001953125
2020-04-27,9462.150390625
2020-04-28,9545.0498046875
2020-04-29,9710.7001953125
2020-04-30,10006.900390625
2020-05-04,9454.0498046875
2020-05-05,9358.900390625
2020-05-06,9428.5498046875
2020-05-07,9351.4501953125
2020-05-08,9408.650390625
2020-05-11,9411.7001953125
2020-05-12,9372.25
2020-05-13,9552.650390625
2020-05-14,9333.099609375
2020-05-15,9320.599609375
2020-05-18,9004.400390625
2020-05-19,9060.150390625
2020-05-20,9249.150390625
2020-05-21,9299.7998046875
2020-05-22,9226.7998046875
2020-05-26,9219.599609375
2020-05-27,9471.599609375
2020-05-28,9648.2001953125
2020-05-29,9759.4501953125
2020-06-01,9996.400390625
2020-06-02,10139.75
2020-06-03,10220.25
2020-06-04,10198.0
2020-06-05,10324.150390625
2020-06-08,10346.7001953125
2020-06-09,10231.25
2020-06-10,10291.7001953125
2020-06-11,10082.099609375
2020-06-12,10158.2998046875
2020-06-15,10005.7998046875
2020-06-16,10097.349609375
2020-06-17,10069.75
2020-06-18,10258.150390625
2020-06-19,10407.75
2020-06-22,10494.349609375
2020-06-23,10660.7998046875
2020-06-24,10499.900390625
2020-06-25,10486.5498046875
2020-06-26,10570.9501953125
2020-06-29,10496.849609375
2020-06-30,10486.900390625
2020-07-01,10598.900390625
2020-07-02,10716.099609375
2020-07-03,10776.2998046875
2020-07-06,10919.25
2020-07-07,10958.0
2020-07-08,10870.9501953125
2020-07-09,10962.7001953125
2020-07-10,10919.7001953125
2020-07-13,10953.75
2020-07-14,10768.599609375
2020-07-15,10769.599609375
2020-07-16,10879.900390625
2020-07-17,11045.849609375
2020-07-20,11159.4501953125
2020-07-21,11283.900390625
2020-07-22,11249.4501953125
2020-07-23,11334.2998046875
2020-07-24,11297.75
2020-07-27,11231.2998046875
2020-07-28,11388.400390625
2020-07-29,11310.849609375
2020-07-30,11231.2998046875
2020-07-31,11222.9501953125
2020-08-03,11056.0
2020-08-04,11244.099609375
2020-08-05,11248.400390625
2020-08-06,11345.4501953125
2020-08-07,11361.400390625
2020-08-10,11433.0
2020-08-11,11471.25
2020-08-12,11458.25
2020-08-13,11458.900390625
2020-08-14,11337.5498046875
2020-08-17,11402.849609375
2020-08-18,11541.9501953125
2020-08-19,11564.5
2020-08-20,11479.0
2020-08-21,11535.7998046875
2020-08-24,11619.150390625
2020-08-25,11625.599609375
2020-08-26,11694.349609375
2020-08-27,11709.4501953125
2020-08-28,11791.5
2020-08-31,11496.0498046875
2020-09-01,11586.599609375
2020-09-02,11660.599609375
2020-09-03,11663.349609375
2020-09-04,11464.9501953125
2020-09-07,11478.400390625
2020-09-08,11434.900390625
2020-09-09,11397.9501953125
2020-09-10,11562.650390625
2020-09-11,11589.650390625
2020-09-14,11566.4501953125
2020-09-15,11652.849609375
2020-09-16,11732.7001953125
2020-09-17,11646.150390625
2020-09-18,11640.2001953125
2020-09-21,11367.25
2020-09-22,11264.5498046875
2020-09-23,11241.599609375
2020-09-24,10922.25
2020-09-25,11176.2998046875
2020-09-28,11365.25
2020-09-29,11353.650390625
2020-09-30,11385.2001953125
2020-10-01,11545.900390625
2020-10-05,11625.599609375
2020-10-06,11770.75
2020-10-07,11833.900390625
2020-10-08,11925.400390625
2020-10-09,11990.7001953125
2020-10-12,11999.0498046875
2020-10-13,11995.7001953125
2020-10-14,12039.0498046875
2020-10-15,11758.2001953125
2020-10-16,11843.349609375
2020-10-19,11952.900390625
2020-10-20,11976.849609375
2020-10-21,12009.0
2020-10-22,11971.7998046875
2020-10-23,12006.099609375
2020-10-26,11842.7001953125
2020-10-27,11971.900390625
2020-10-28,11819.0498046875
2020-10-29,11774.400390625
2020-10-30,11748.9501953125
2020-11-02,11777.849609375
2020-11-03,11913.349609375
2020-11-04,12007.099609375
2020-11-05,12217.900390625
2020-11-06,12349.150390625
2020-11-09,12545.4501953125
2020-11-10,12683.349609375
2020-11-11,12805.599609375
2020-11-12,12764.0498046875
2020-11-13,12804.25
2020-11-17,12960.900390625
2020-11-18,13022.75
2020-11-19,12864.849609375
2020-11-20,12962.4501953125
2020-11-23,13036.650390625
2020-11-24,13158.2998046875
2020-11-25,12959.7998046875
2020-11-26,13087.75
2020-11-27,13080.2998046875
2020-12-01,13225.7001953125
2020-12-02,13244.349609375
2020-12-03,13280.5
2020-12-04,13396.5
2020-12-07,13497.849609375
2020-12-08,13529.849609375
2020-12-09,13649.599609375
2020-12-10,13612.349609375
2020-12-11,13647.900390625
2020-12-14,13693.2001953125
2020-12-15,13697.7001953125
2020-12-16,13808.0498046875
2020-12-17,13852.5498046875
2020-12-18,13872.7998046875
2020-12-21,13431.2998046875
2020-12-22,13577.349609375
2020-12-23,13725.5498046875
2020-12-24,13862.099609375
2020-12-28,13986.7001953125
2020-12-29,14037.650390625
2020-12-30,14088.4501953125
2020-12-31,14090.75
2021-01-04,14267.0498046875
2021-01-05,14355.900390625
2021-01-06,14305.650390625
2021-01-07,14305.5
2021-01-08,14514.349609375
2021-01-11,14642.0498046875
2021-01-12,14705.5
2021-01-13,14694.9501953125
2021-01-14,14731.150390625
2021-01-15,14558.7998046875
2021-01-18,14390.0498046875
2021-01-19,14632.2001953125
2021-01-20,14751.2998046875
2021-01-21,14686.5498046875
2021-01-22,14479.599609375
2021-01-25,14348.4501953125
2021-01-27,14085.849609375
2021-01-28,13947.25
2021-01-29,13743.2998046875
2021-02-01,14361.650390625
2021-02-02,14720.5498046875
2021-02-03,14854.0
2021-02-04,14977.150390625
2021-02-05,14988.9501953125
2021-02-08,15177.9501953125
2021-02-09,15171.25
2021-02-10,15176.400390625
2021-02-11,15249.650390625
2021-02-12,15245.75
2021-02-15,15399.2001953125
2021-02-16,15406.0
2021-02-17,15318.5
2021-02-18,15249.5
2021-02-19,15102.650390625
2021-02-22,14802.4501953125
2021-02-23,14844.25
2021-02-24,15094.849609375
2021-02-25,15209.0
2021-02-26,14667.599609375
2021-03-01,14889.650390625
2021-03-02,15061.599609375
2021-03-03,15379.5
2021-03-04,15238.75
2021-03-05,15084.349609375
2021-03-08,15096.849609375
2021-03-09,15206.0
2021-03-10,15284.849609375
2021-03-12,15140.150390625
2021-03-15,15040.849609375
2021-03-16,15033.2998046875
2021-03-17,14828.849609375
2021-03-18,14662.5
2021-03-19,14847.25
2021-03-22,14859.7001953125
2021-03-23,14952.099609375
2021-03-24,14690.0498046875
2021-03-25,14450.5498046875
2021-03-26,14633.5
2021-03-30,14936.0498046875
2021-03-31,14807.4501953125
2021-04-01,14993.0498046875
2021-04-05,14775.7001953125
2021-04-06,14836.25
2021-04-07,14973.9501953125
2021-04-08,15036.150390625
2021-04-09,15004.150390625
2021-04-12,14450.0498046875
2021-04-13,14639.400390625
2021-04-15,14719.25
2021-04-16,14773.2001953125
2021-04-19,14512.849609375
2021-04-20,14466.7998046875
2021-04-22,14564.25
2021-04-23,14510.9501953125
2021-04-26,14645.900390625
2021-04-27,14807.75
2021-04-28,15004.650390625
2021-04-29,15029.9501953125
2021-04-30,14790.599609375
2021-05-03,14811.2001953125
2021-05-04,14683.7001953125
2021-05-05,14823.2001953125
2021-05-06,14928.599609375
2021-05-07,15021.650390625
2021-05-10,15146.650390625
2021-05-11,15071.400390625
2021-05-12,14940.0
2021-05-14,14893.2001953125
2021-05-17,15134.150390625
2021-05-18,15325.0
2021-05-19,15272.5498046875
2021-05-20,15164.4501953125
2021-05-21,15408.5498046875
2021-05-24,15445.2001953125
2021-05-25,15445.599609375
2021-05-26,15522.349609375
2021-05-27,15564.349609375
2021-05-28,15650.349609375
2021-05-31,15798.7001953125
2021-06-01,15789.400390625
2021-06-02,15832.2001953125
2021-06-03,15952.650390625
2021-06-04,15945.849609375
2021-06-07,16018.599609375
2021-06-08,16017.2001953125
2021-06-09,15904.75
2021-06-10,16021.5
2021-06-11,16079.599609375
2021-06-14,16079.7001953125
2021-06-15,16136.650390625
2021-06-16,16025.5498046875
2021-06-17,15936.2001953125
2021-06-18,15915.5498046875
2021-06-21,15991.25
2021-06-22,16026.9501953125
2021-06-23,15933.150390625
2021-06-24,16011.5498046875
2021-06-25,16087.2001953125
2021-06-28,16055.2001953125
2021-06-29,15992.099609375
2021-06-30,15959.400390625
2021-07-01,15928.099609375
2021-07-02,15957.099609375
2021-07-05,16066.900390625
2021-07-06,16054.900390625
2021-07-07,16117.400390625
2021-07-08,15981.9501953125
2021-07-09,15952.400390625
2021-07-12,15955.9501953125
2021-07-13,16055.599609375
2021-07-14,16091.5
2021-07-15,16160.2001953125
2021-07-16,16172.0498046875
2021-07-19,16006.900390625
2021-07-20,15886.25
2021-07-22,16094.25
2021-07-23,16119.099609375
2021-07-26,16094.2001953125
2021-07-27,16011.0498046875
2021-07-28,15983.900390625
2021-07-29,16045.2001953125
2021-07-30,16040.150390625
2021-08-02,16166.9501953125
2021-08-03,16399.94921875
2021-08-04,16494.55078125
2021-08-05,16520.5
2021-08-06,16476.55078125
2021-08-09,16483.44921875
2021-08-10,16493.849609375
2021-08-11,16490.150390625
2021-08-12,16569.30078125
2021-08-13,16716.150390625
2021-08-16,16748.0
2021-08-17,16805.150390625
2021-08-18,16778.80078125
2021-08-20,16642.150390625
2021-08-23,16673.349609375
2021-08-24,16808.0
2021-08-25,16830.099609375
2021-08-26,16841.599609375
2021-08-27,16930.849609375
2021-08-30,17164.19921875
2021-08-31,17373.099609375
2021-09-01,17343.30078125
2021-09-02,17504.599609375
2021-09-03,17597.44921875
2021-09-06,17641.0
2021-09-07,17618.69921875
2021-09-08,17626.19921875
2021-09-09,17652.900390625
2021-09-13,17648.599609375
2021-09-14,17678.44921875
2021-09-15,17809.5
2021-09-16,17925.05078125
2021-09-17,17864.55078125
2021-09-20,17654.099609375
2021-09-21,17817.94921875
2021-09-22,17817.69921875
2021-09-23,18085.80078125
2021-09-24,18090.19921875
2021-09-27,18085.55078125
2021-09-28,17973.150390625
2021-09-29,17926.05078125
2021-09-30,17845.099609375
2021-10-01,17778.55078125
2021-10-04,17956.75
2021-10-05,18082.80078125
2021-10-06,17905.849609375
2021-10-07,18058.0
2021-10-08,18141.69921875
2021-10-11,18198.900390625
2021-10-12,18258.849609375
2021-10-13,18433.19921875
2021-10-14,18610.349609375
2021-10-18,18734.900390625
2021-10-19,18646.150390625
2021-10-20,18467.75
2021-10-21,18374.099609375
2021-10-22,18285.150390625
2021-10-25,18272.400390625
2021-10-26,18425.150390625
2021-10-27,18390.05078125
2021-10-28,18028.099609375
2021-10-29,17880.80078125
2021-11-01,18134.599609375
2021-11-02,18101.0
2021-11-03,18066.94921875
2021-11-04,18156.150390625
2021-11-08,18320.650390625
2021-11-09,18309.05078125
2021-11-10,18291.75
2021-11-11,18156.80078125
2021-11-12,18389.5
2021-11-15,18401.650390625
2021-11-16,18301.44921875
2021-11-17,18211.349609375
2021-11-18,18059.5
2021-11-22,17708.55078125
2021-11-23,17823.5
2021-11-24,17733.0
2021-11-25,17861.650390625
2021-11-26,17340.5
2021-11-29,17339.150390625
2021-11-30,17270.25
2021-12-01,17444.44921875
2021-12-02,17675.0
2021-12-03,17493.69921875
2021-12-06,17197.5
2021-12-07,17464.94921875
2021-12-08,17751.900390625
2021-12-09,17797.80078125
2021-12-10,17802.599609375
2021-12-13,17664.849609375
2021-12-14,17637.69921875
2021-12-15,17526.349609375
2021-12-16,17539.30078125
2021-12-17,17249.0
2021-12-20,16856.19921875
2021-12-21,17037.75
2021-12-22,17232.80078125
2021-12-23,17360.650390625
2021-12-24,17273.650390625
2021-12-27,17351.80078125
2021-12-28,17501.75
2021-12-29,17478.80078125
2021-12-30,17449.30078125
2021-12-31,17618.80078125
2022-01-03,17874.0
2022-01-04,18030.94921875
2022-01-05,18147.5
2022-01-06,17985.599609375
2022-01-07,18053.94921875
2022-01-10,18229.099609375
2022-01-11,18275.150390625
2022-01-12,18430.25
2022-01-13,18482.44921875
2022-01-14,18485.69921875
2022-01-17,18543.19921875
2022-01-18,18331.69921875
2022-01-19,18179.69921875
2022-01-20,18021.099609375
2022-01-21,17856.150390625
2022-01-24,17353.44921875
2022-01-25,17489.150390625
2022-01-27,17302.349609375
2022-01-28,17314.69921875
2022-01-31,17547.400390625
2022-02-01,17796.25
2022-02-02,17998.75
2022-02-03,17794.69921875
2022-02-04,17755.30078125
2022-02-07,17477.650390625
2022-02-08,17509.80078125
2022-02-09,17707.849609375
2022-02-10,17842.900390625
2022-02-11,17606.599609375
2022-02-14,17060.69921875
2022-02-15,17560.55078125
2022-02-16,17530.650390625
2022-02-17,17524.44921875
2022-02-18,17472.900390625
2022-02-21,17379.099609375
2022-02-22,17276.5
2022-02-23,17273.44921875
2022-02-24,16428.05078125
2022-02-25,16872.349609375
2022-02-28,17016.55078125
2022-03-02,16855.69921875
2022-03-03,16761.599609375
2022-03-04,16482.849609375
2022-03-07,16086.9501953125
2022-03-08,16251.650390625
2022-03-09,16571.55078125
2022-03-10,16835.5
2022-03-11,16877.69921875
2022-03-14,17076.599609375
2022-03-15,16873.44921875
2022-03-16,17198.0
2022-03-17,17505.400390625
2022-03-21,17323.650390625
2022-03-22,17499.19921875
2022-03-23,17446.05078125
2022-03-24,17429.94921875
2022-03-25,17370.5
2022-03-28,17422.150390625
2022-03-29,17523.599609375
2022-03-30,17684.30078125
2022-03-31,17660.349609375
2022-04-01,17879.5
2022-04-04,18256.099609375
2022-04-05,18195.099609375
2022-04-06,18075.099609375
2022-04-07,17920.80078125
2022-04-08,18089.30078125
2022-04-11,18032.400390625
2022-04-12,17877.55078125
2022-04-13,17835.19921875
2022-04-18,17565.94921875
2022-04-19,17330.400390625
2022-04-20,17496.650390625
2022-04-21,17750.19921875
2022-04-22,17541.099609375
2022-04-25,17300.349609375
2022-04-26,17577.80078125
2022-04-27,17398.55078125
2022-04-28,17615.400390625
2022-04-29,17457.19921875
2022-05-02,17419.44921875
2022-05-04,17004.05078125
2022-05-05,17016.599609375
2022-05-06,16729.55078125
2022-05-09,16581.80078125
2022-05-10,16466.25
2022-05-11,16399.69921875
2022-05-12,16023.900390625
2022-05-13,15986.5
2022-05-16,16079.0
2022-05-17,16498.5
2022-05-18,16485.80078125
2022-05-19,16047.349609375
2022-05-20,16476.69921875
2022-05-23,16409.75
2022-05-24,16312.2998046875
2022-05-25,16187.150390625
2022-05-26,16341.900390625
2022-05-27,16516.80078125
2022-05-30,16838.150390625
2022-05-31,16767.5
2022-06-01,16688.94921875
2022-06-02,16794.75
2022-06-03,16721.5
2022-06-06,16701.19921875
2022-06-07,16550.69921875
2022-06-08,16492.19921875
2022-06-09,16616.400390625
2022-06-10,16353.5
2022-06-13,15936.0498046875
2022-06-14,15905.599609375
2022-06-15,15874.900390625
2022-06-16,15543.349609375
2022-06-17,15445.7998046875
2022-06-20,15481.9501953125
2022-06-21,15793.150390625
2022-06-22,15555.2998046875
2022-06-23,15704.7998046875
2022-06-24,15858.2998046875
2022-06-27,15990.2998046875
2022-06-28,16008.849609375
2022-06-29,15952.75
2022-06-30,15929.400390625
2022-07-01,15925.9501953125
2022-07-04,16018.150390625
2022-07-05,16001.599609375
2022-07-06,16196.25
2022-07-07,16339.099609375
2022-07-08,16424.0
2022-07-11,16465.099609375
2022-07-12,16323.5
2022-07-13,16237.25
2022-07-14,16213.0498046875
2022-07-15,16317.2001953125
2022-07-18,16548.150390625
2022-07-19,16614.05078125
2022-07-20,16773.69921875
2022-07-21,16881.69921875
2022-07-22,16970.69921875
2022-07-25,16892.099609375
2022-07-26,16733.30078125
2022-07-27,16889.55078125
2022-07-28,17169.69921875
2022-07-29,17400.75
2022-08-01,17598.80078125
2022-08-02,17618.25
2022-08-03,17646.0
2022-08-04,17652.94921875
2022-08-05,17655.5
2022-08-08,17784.80078125
2022-08-10,17784.900390625
2022-08-11,17913.94921875
2022-08-12,17956.80078125
2022-08-16,18107.25
2022-08-17,18235.55078125
2022-08-18,18264.400390625
2022-08-19,18071.099609375
2022-08-22,17792.44921875
2022-08-23,17878.400390625
2022-08-24,17917.30078125
2022-08-25,17847.650390625
2022-08-26,17893.80078125
2022-08-29,17666.44921875
2022-08-30,18112.400390625
2022-09-01,17924.30078125
2022-09-02,17916.0
2022-09-05,18021.650390625
2022-09-06,18031.30078125
2022-09-07,18008.099609375
2022-09-08,18168.849609375
2022-09-09,18198.099609375
2022-09-12,18319.80078125
2022-09-13,18453.69921875
2022-09-14,18405.599609375
2022-09-15,18316.900390625
2022-09-16,17938.099609375
2022-09-19,18025.25
2022-09-20,18222.099609375
2022-09-21,18091.900390625
2022-09-22,18030.400390625
2022-09-23,17718.44921875
2022-09-26,17374.80078125
2022-09-27,17366.400390625
2022-09-28,17219.55078125
2022-09-29,17167.75
2022-09-30,17438.599609375
2022-10-03,17190.900390625
2022-10-04,17589.30078125
2022-10-06,17662.80078125
2022-10-07,17641.44921875
2022-10-10,17553.150390625
2022-10-11,17285.849609375
2022-10-12,17423.400390625
2022-10-13,17302.150390625
2022-10-14,17432.55078125
2022-10-17,17560.5
2022-10-18,17741.19921875
2022-10-19,17756.25
2022-10-20,17829.44921875
2022-10-21,17808.80078125
2022-10-24,17951.30078125
2022-10-25,17887.400390625
2022-10-27,17989.0
2022-10-28,18017.19921875
2022-10-31,18243.400390625
2022-11-01,18383.19921875
2022-11-02,18322.400390625
2022-11-03,18297.400390625
2022-11-04,18361.44921875
2022-11-07,18450.150390625
2022-11-09,18406.25
2022-11-10,18267.099609375
2022-11-11,18573.349609375
2022-11-14,18568.400390625
2022-11-15,18635.400390625
2022-11-16,18615.5
2022-11-17,18532.44921875
2022-11-18,18483.19921875
2022-11-21,18334.650390625
2022-11-22,18407.5
2022-11-23,18433.80078125
2022-11-24,18627.25
2022-11-25,18652.05078125
2022-11-28,18696.75
2022-11-29,18758.349609375
2022-11-30,18919.55078125
2022-12-01,18973.05078125
2022-12-02,18870.25
2022-12-05,18867.650390625
2022-12-06,18821.55078125
2022-12-07,18754.0
2022-12-08,18802.0
2022-12-09,18687.650390625
2022-12-12,18690.80078125
2022-12-13,18781.650390625
2022-12-14,18837.25
2022-12-15,18604.44921875
2022-12-16,18446.30078125
2022-12-19,18604.5
2022-12-20,18570.400390625
2022-12-21,18361.150390625
2022-12-22,18277.849609375
2022-12-23,17888.05078125
2022-12-27,18263.55078125
2022-12-28,18270.94921875
2022-12-29,18343.599609375
2022-12-30,18258.75
2023-01-02,18334.30078125
2023-01-03,18376.5
2023-01-04,18173.44921875
2023-01-05,18150.0
2023-01-06,18013.94921875
2023-01-09,18248.55078125
2023-01-10,18081.0
2023-01-11,18054.30078125
2023-01-12,18028.30078125
2023-01-13,18126.25
2023-01-16,18074.19921875
2023-01-17,18216.400390625
2023-01-18,18307.400390625
2023-01-19,18244.75
2023-01-20,18169.44921875
2023-01-23,18249.349609375
2023-01-24,18245.349609375
2023-01-25,17974.349609375
2023-01-27,17594.5
2023-01-30,17571.849609375
2023-01-31,17601.0
2023-02-01,17516.150390625
2023-02-02,17490.30078125
2023-02-03,17687.349609375
2023-02-06,17611.44921875
2023-02-07,17569.69921875
2023-02-08,17719.849609375
2023-02-09,17723.849609375
2023-02-10,17685.44921875
2023-02-13,17575.150390625
2023-02-14,17702.349609375
2023-02-15,17786.900390625
2023-02-16,17814.900390625
2023-02-17,17721.05078125
2023-02-20,17626.900390625
2023-02-21,17604.400390625
2023-02-22,17335.0
2023-02-23,17286.30078125
2023-02-24,17242.150390625
2023-02-27,17156.150390625
2023-02-28,17083.80078125
2023-03-01,17238.44921875
2023-03-02,17129.650390625
2023-03-03,17385.94921875
2023-03-06,17506.30078125
2023-03-08,17552.94921875
2023-03-09,17398.30078125
2023-03-10,17244.30078125
2023-03-13,16997.30078125
2023-03-14,16887.05078125
2023-03-15,16825.05078125
2023-03-16,16852.25
2023-03-17,16964.80078125
2023-03-20,16852.900390625
2023-03-21,16970.5
2023-03-22,17026.19921875
2023-03-23,16958.150390625
2023-03-24,16831.80078125
2023-03-27,16849.30078125
2023-03-28,16795.349609375
2023-03-29,16918.05078125
2023-03-31,17186.150390625
2023-04-03,17224.75
2023-04-05,17373.94921875
2023-04-06,17414.650390625
2023-04-10,17446.30078125
2023-04-11,17540.80078125
2023-04-12,17626.900390625
2023-04-13,17635.150390625
2023-04-17,17543.44921875
2023-04-18,17510.849609375
2023-04-19,17455.44921875
2023-04-20,17459.849609375
2023-04-21,17455.25
2023-04-24,17564.400390625
2023-04-25,17600.05078125
2023-04-26,17645.55078125
2023-04-27,17739.94921875
2023-04-28,17903.94921875
2023-05-02,17989.30078125
2023-05-03,17941.099609375
2023-05-04,18099.75
2023-05-05,17939.25
2023-05-08,18118.5
2023-05-09,18114.05078125
2023-05-10,18170.849609375
2023-05-11,18174.25
2023-05-12,18181.94921875
2023-05-15,18258.099609375
2023-05-16,18162.25
2023-05-17,18056.69921875
2023-05-18,17985.75
2023-05-19,18060.349609375
2023-05-22,18180.900390625
2023-05-23,18219.80078125
2023-05-24,18170.0
2023-05-25,18213.599609375
2023-05-26,18393.05078125
2023-05-29,18490.25
2023-05-30,18516.94921875
2023-05-31,18438.30078125
2023-06-01,18405.69921875
2023-06-02,18457.0
2023-06-05,18513.849609375
2023-06-06,18527.849609375
2023-06-07,18659.650390625
2023-06-08,18562.94921875
2023-06-09,18502.099609375
2023-06-12,18545.80078125
2023-06-13,18668.0
2023-06-14,18705.25
2023-06-15,18653.599609375
2023-06-16,18798.55078125
2023-06-19,18732.80078125
2023-06-20,18794.599609375
2023-06-21,18827.80078125
2023-06-22,18722.69921875
2023-06-23,18595.75
2023-06-26,18632.75
2023-06-27,18751.30078125
2023-06-28,18901.19921875
2023-06-30,19099.55078125
2023-07-03,19223.849609375
2023-07-04,19270.55078125
2023-07-05,19297.94921875
2023-07-06,19397.099609375
2023-07-07,19233.599609375
2023-07-10,19239.80078125
2023-07-11,19333.599609375
2023-07-12,19293.69921875
2023-07-13,19304.849609375
2023-07-14,19454.0
2023-07-17,19584.80078125
2023-07-18,19605.849609375
2023-07-19,19690.69921875
2023-07-20,19811.900390625
2023-07-21,19602.599609375
2023-07-24,19540.44921875
2023-07-25,19566.900390625
2023-07-26,19662.0
2023-07-27,19566.69921875
2023-07-28,19580.650390625
2023-07-31,19679.349609375
2023-08-01,19659.849609375
2023-08-02,19447.099609375
2023-08-03,19310.900390625
2023-08-04,19448.75
2023-08-07,19521.849609375
2023-08-08,19497.44921875
2023-08-09,19554.75
2023-08-10,19463.099609375
2023-08-11,19359.0
2023-08-14,19330.80078125
2023-08-16,19358.05078125
2023-08-17,19264.599609375
2023-08-18,19209.349609375
2023-08-21,19303.400390625
2023-08-22,19325.44921875
2023-08-23,19362.55078125
2023-08-24,19323.349609375
2023-08-25,19193.900390625
2023-08-28,19243.650390625
2023-08-29,19291.25
2023-08-30,19307.5
2023-08-31,19204.80078125
2023-09-01,19382.94921875
2023-09-04,19485.5
2023-09-05,19531.19921875
2023-09-06,19578.25
2023-09-07,19690.5
2023-09-08,19789.30078125
2023-09-11,19970.80078125
2023-09-12,19905.19921875
2023-09-13,19977.80078125
2023-09-14,20024.80078125
2023-09-15,20108.400390625
2023-09-18,20056.150390625
2023-09-20,19832.599609375
2023-09-21,19674.80078125
2023-09-22,19614.19921875
2023-09-25,19606.849609375
2023-09-26,19606.05078125
2023-09-27,19654.94921875
2023-09-28,19451.650390625
2023-09-29,19577.05078125
2023-10-03,19492.69921875
2023-10-04,19376.25
2023-10-05,19476.05078125
2023-10-06,19584.44921875
2023-10-09,19428.900390625
2023-10-10,19616.55078125
2023-10-11,19736.80078125
2023-10-12,19728.099609375
2023-10-13,19691.69921875
2023-10-16,19680.650390625
2023-10-17,19758.900390625
2023-10-18,19611.349609375
2023-10-19,19562.30078125
2023-10-20,19468.400390625
2023-10-23,19189.099609375
2023-10-25,19034.400390625
2023-10-26,18780.599609375
2023-10-27,18996.099609375
2023-10-30,19080.849609375
2023-10-31,19035.349609375
2023-11-01,18942.30078125
2023-11-02,19107.25
2023-11-03,19222.099609375
2023-11-06,19399.099609375
2023-11-07,19416.80078125
2023-11-08,19470.099609375
2023-11-09,19413.80078125
2023-11-10,19444.80078125
2023-11-13,19475.69921875
2023-11-15,19698.400390625
2023-11-16,19785.849609375
2023-11-17,19773.44921875
2023-11-20,19730.69921875
2023-11-21,19806.400390625
2023-11-22,19818.900390625
2023-11-23,19819.400390625
2023-11-24,19812.099609375
2023-11-28,19938.400390625
2023-11-29,20136.19921875
2023-11-30,20201.0
2023-12-01,20339.44921875
2023-12-04,20757.94921875
2023-12-05,20949.25
2023-12-06,21074.150390625
2023-12-07,21076.349609375
2023-12-08,21107.19921875
2023-12-11,21161.69921875
2023-12-12,21058.25
2023-12-13,21099.599609375
2023-12-14,21364.30078125
2023-12-15,21595.5
2023-12-18,21585.25
2023-12-19,21622.94921875
2023-12-20,21267.349609375
2023-12-21,21402.150390625
2023-12-22,21508.849609375
2023-12-26,21617.05078125
2023-12-27,21815.44921875
2023-12-28,21931.75
2023-12-29,21918.80078125
2024-01-02,21865.25
2024-01-03,21771.400390625
2024-01-04,21934.400390625
2024-01-05,21974.599609375
2024-01-08,21770.75
2024-01-09,21815.150390625
2024-01-10,21885.80078125
2024-01-11,21942.150390625
2024-01-12,22159.25
2024-01-15,22338.75
2024-01-16,22274.599609375
2024-01-17,21839.94921875
2024-01-18,21730.099609375
2024-01-19,21916.0
2024-01-23,21506.80078125
2024-01-24,21746.0
2024-01-25,21666.5
2024-01-29,22041.599609375
2024-01-30,21846.19921875
2024-01-31,22051.55078125
2024-02-01,22039.599609375
2024-02-02,22199.0
2024-02-05,22113.400390625
2024-02-06,22299.30078125
2024-02-07,22363.69921875
2024-02-08,22202.75
2024-02-09,22247.55078125
2024-02-12,22042.099609375
2024-02-13,22181.599609375
2024-02-14,22313.400390625
2024-02-15,22405.55078125
2024-02-16,22540.900390625
2024-02-20,22685.650390625
2024-02-21,22547.599609375
2024-02-22,22725.400390625
2024-02-23,22734.30078125
2024-02-26,22667.75
2024-02-27,22722.30078125
2024-02-28,22457.650390625
2024-02-29,22526.30078125
2024-03-01,22862.05078125
2024-03-04,22944.80078125
2024-03-05,22900.650390625
2024-03-06,22988.349609375
2024-03-07,23036.05078125
2024-03-11,22895.44921875
2024-03-12,22840.900390625
2024-03-13,22399.0
2024-03-14,22623.69921875
2024-03-15,22494.69921875
2024-03-18,22541.150390625
2024-03-19,22274.650390625
2024-03-20,22307.75
2024-03-21,22538.900390625
2024-03-22,22633.80078125
2024-03-26,22601.349609375
2024-03-27,22698.5
2024-03-28,22920.69921875
2024-04-01,23107.150390625
2024-04-02,23138.55078125
2024-04-03,23136.599609375
2024-04-04,23206.0
2024-04-05,23240.55078125
2024-04-08,23380.30078125
2024-04-09,23348.900390625
2024-04-10,23474.69921875
2024-04-12,23254.900390625
2024-04-15,22967.099609375
2024-04-16,22870.30078125
2024-04-18,22740.19921875
2024-04-19,22859.80078125
2024-04-22,23078.900390625
2024-04-23,23116.0
2024-04-24,23167.80078125
2024-04-25,23329.80078125
2024-04-26,23232.099609375
2024-04-29,23443.80078125
2024-04-30,23436.5
2024-05-02,23541.30078125
2024-05-03,23382.75
2024-05-06,23297.75
2024-05-07,23103.75
2024-05-08,23166.0
2024-05-09,22790.19921875
2024-05-10,22909.099609375
2024-05-13,22956.349609375
2024-05-14,23118.19921875
2024-05-15,23133.849609375
2024-05-16,23343.55078125
2024-05-17,23444.30078125
2024-05-21,23569.900390625
2024-05-22,23633.900390625
2024-05-23,23982.349609375
2024-05-24,23980.099609375
2024-05-27,23959.849609375
2024-05-28,23873.900390625
2024-05-29,23687.69921875
2024-05-30,23466.30078125
2024-05-31,23518.05078125
2024-06-03,24344.19921875
2024-06-04,22739.599609375
2024-06-05,23550.75
2024-06-06,23806.94921875
2024-06-07,24266.05078125
2024-06-10,24271.150390625
2024-06-11,24271.05078125
2024-06-12,24348.80078125
2024-06-13,24449.5
2024-06-14,24571.650390625
2024-06-18,24683.55078125
2024-06-19,24599.900390625
2024-06-20,24649.849609375
2024-06-21,24555.5
2024-06-24,24621.599609375
2024-06-25,24757.80078125
2024-06-26,24867.150390625
2024-06-27,25026.55078125
2024-06-28,25007.25
2024-07-01,25155.69921875
2024-07-02,25120.099609375
2024-07-03,25306.900390625
2024-07-04,25342.55078125
2024-07-05,25391.25
2024-07-08,25393.55078125
2024-07-09,25515.099609375
2024-07-10,25425.650390625
2024-07-11,25433.75
2024-07-12,25577.30078125
2024-07-15,25696.05078125
2024-07-16,25679.099609375
2024-07-18,25784.80078125
2024-07-19,25450.849609375
2024-07-22,25490.400390625
2024-07-23,25419.599609375
2024-07-24,25389.0
2024-07-25,25407.5
2024-07-26,25841.900390625
2024-07-29,25901.94921875
2024-07-30,25914.099609375
2024-07-31,26025.599609375
2024-08-01,26057.80078125
2024-08-02,25771.900390625
2024-08-05,25043.05078125
2024-08-06,24940.75
2024-08-07,25349.0
2024-08-08,25161.25
2024-08-09,25425.400390625
2024-08-12,25386.05078125
2024-08-13,25155.150390625
2024-08-14,25160.650390625
2024-08-16,25578.5
2024-08-19,25638.19921875
2024-08-20,25782.349609375
2024-08-21,25853.19921875
2024-08-22,25910.44921875
2024-08-23,25905.94921875
2024-08-26,26076.80078125
2024-08-27,26083.150390625
2024-08-28,26116.80078125
2024-08-29,26188.900390625
2024-08-30,26274.349609375
2024-09-02,26335.0
2024-09-03,26341.69921875
2024-09-04,26275.75
2024-09-05,26239.099609375
2024-09-06,25928.55078125
2024-09-09,26011.25
2024-09-10,26115.19921875
2024-09-11,25987.80078125
2024-09-12,26461.099609375
2024-09-13,26419.900390625
2024-09-16,26453.400390625
2024-09-17,26471.30078125
2024-09-18,26420.150390625
2024-09-19,26425.25
2024-09-20,26821.0
2024-09-23,27024.099609375
2024-09-24,27027.5
2024-09-25,27051.650390625
2024-09-26,27256.25
2024-09-27,27253.849609375
2024-09-30,26890.150390625
2024-10-01,26885.25
2024-10-03,26305.25
2024-10-04,26056.0
2024-10-07,25749.650390625
2024-10-08,26057.349609375
2024-10-09,26076.599609375
2024-10-10,26079.44921875
2024-10-11,26054.099609375
2024-10-14,26197.900390625
2024-10-15,26149.099609375
2024-10-16,26058.099609375
2024-10-17,25765.349609375
2024-10-18,25853.80078125
2024-10-21,25739.5
2024-10-22,25348.05078125
2024-10-23,25320.650390625
2024-10-24,25275.5
2024-10-25,25022.19921875
2024-10-28,25175.19921875
2024-10-29,25321.30078125
2024-10-30,25195.05078125
2024-10-31,25059.5
2024-11-01,25184.599609375
2024-11-04,24857.75
2024-11-05,25060.80078125
2024-11-06,25403.150390625
2024-11-07,25110.69921875
2024-11-08,25002.94921875
2024-11-11,25013.30078125
2024-11-12,24715.55078125
2024-11-13,24347.0
2024-11-14,24366.05078125
2024-11-18,24301.0
2024-11-19,24374.69921875
2024-11-21,24135.099609375
2024-11-22,24655.349609375
2024-11-25,24993.650390625
2024-11-26,24983.099609375
2024-11-27,25115.150390625
2024-11-28,24836.25
2024-11-29,25053.94921875
2024-12-02,25198.150390625
2024-12-03,25393.25
2024-12-04,25428.400390625
2024-12-05,25657.849609375
2024-12-06,25663.900390625
2024-12-09,25594.19921875
2024-12-10,25600.19921875
2024-12-11,25635.05078125
2024-12-12,25546.400390625
2024-12-13,25724.599609375
2024-12-16,25652.849609375
2024-12-17,25321.650390625
2024-12-18,25137.599609375
2024-12-19,24884.94921875
2024-12-20,24448.849609375
2024-12-23,24599.75
2024-12-24,24572.5
2024-12-26,24611.349609375
2024-12-27,24632.0
2024-12-30,24500.75
